1,Black Panther,"Feb 16, 2018",Walt Disney,Action,"$700,059,566","78,044,544"
2,Avengers: Infinity War,"Apr 27, 2018",Walt Disney,Action,"$678,815,482","75,676,196"
3,Incredibles 2,"Jun 15, 2018",Walt Disney,Adventure,"$608,581,744","67,846,348"
4,Jurassic World: Fallen Kingdom,"Jun 22, 2018",Universal,Action,"$417,719,760","46,568,535"
5,Deadpool 2,"May 18, 2018",20th Century Fox,Action,"$324,512,774","36,177,567"
6,Dr. Seussâ The Grinch,"Nov 9, 2018",Universal,Adventure,"$269,622,130","30,058,208"
7,Aquaman,"Dec 21, 2018",Warner Bros.,Action,"$260,024,160","28,988,200"
8,Jumanji: Welcome to the Jungle,"Dec 20, 2017",Sony Pictures,Adventure,"$235,506,359","26,254,889"
9,Mission: ImpossibleâFallout,"Jul 27, 2018",Paramount Pictures,Action,"$220,159,104","24,543,936"
10,Ant-Man and the Wasp,"Jul 6, 2018",Walt Disney,Action,"$216,648,740","24,152,590"
11,Solo: A Star Wars Story,"May 25, 2018",Walt Disney,Adventure,"$213,767,512","23,831,383"
12,Venom,"Oct 5, 2018",Sony Pictures,Action,"$213,429,141","23,793,661"
13,A Star is Born,"Oct 5, 2018",Warner Bros.,Drama,"$202,110,097","22,531,783"
14,Bohemian Rhapsody,"Nov 2, 2018",20th Century Fox,Drama,"$193,644,966","21,588,067"
15,A Quiet Place,"Apr 6, 2018",Paramount Pictures,Horror,"$188,024,361","20,961,467"
16,Ralph Breaks The Internet,"Nov 21, 2018",Walt Disney,Adventure,"$187,152,693","20,864,291"
17,Crazy Rich Asians,"Aug 15, 2018",Warner Bros.,Romantic Comedy,"$174,530,416","19,457,125"
18,Hotel Transylvania 3: Summe…,"Jul 13, 2018",Sony Pictures,Adventure,"$167,500,092","18,673,365"
19,Halloween,"Oct 19, 2018",Universal,Horror,"$159,342,015","17,763,881"
20,Fantastic Beasts: The Crime…,"Nov 16, 2018",Warner Bros.,Adventure,"$156,781,859","17,478,468"
21,The Meg,"Aug 10, 2018",Warner Bros.,Action,"$145,443,742","16,214,464"
22,Oceanâs 8,"Jun 8, 2018",Warner Bros.,Action,"$140,218,711","15,631,963"
23,Mary Poppins Returns,"Dec 19, 2018",Walt Disney,Musical,"$138,817,262","15,475,725"
24,Ready Player One,"Mar 29, 2018",Warner Bros.,Adventure,"$137,690,172","15,350,075"
25,Spider-Man: Into The Spider…,"Dec 14, 2018",Sony Pictures,Adventure,"$133,978,231","14,936,257"
26,The Greatest Showman,"Dec 20, 2017",20th Century Fox,Musical,"$125,303,456","13,969,170"
27,Mamma Mia: Here We Go Again!,"Jul 20, 2018",Universal,Musical,"$120,634,935","13,448,710"
28,The Nun,"Sep 7, 2018",Warner Bros.,Horror,"$117,450,119","13,093,659"
29,Peter Rabbit,"Feb 9, 2018",Sony Pictures,Adventure,"$115,234,093","12,846,610"
30,Creed II,"Nov 21, 2018",MGM,Drama,"$114,296,602","12,742,096"
31,Star Wars Ep. VIII: The Las…,"Dec 15, 2017",Walt Disney,Adventure,"$102,963,014","11,478,596"
32,The Equalizer 2,"Jul 20, 2018",Sony Pictures,Action,"$102,084,362","11,380,642"
33,Rampage,"Apr 13, 2018",Warner Bros.,Action,"$101,028,233","11,262,902"
34,A Wrinkle in Time,"Mar 9, 2018",Walt Disney,Adventure,"$100,478,608","11,201,628"
35,Fifty Shades Freed,"Feb 9, 2018",Universal,Drama,"$100,407,760","11,193,730"
36,Christopher Robin,"Aug 3, 2018",Walt Disney,Adventure,"$99,215,042","11,060,762"
37,Bumblebee,"Dec 21, 2018",Paramount Pictures,Adventure,"$97,555,743","10,875,779"
38,I Can Only Imagine,"Mar 16, 2018",Roadside Attractions,Drama,"$83,482,352","9,306,839"
39,Smallfoot,"Sep 28, 2018",Warner Bros.,Adventure,"$82,976,621","9,250,459"
40,The Mule,"Dec 14, 2018",Warner Bros.,Drama,"$81,177,803","9,049,922"
41,The Post,"Dec 22, 2017",20th Century Fox,Drama,"$80,143,337","8,934,597"
42,Night School,"Sep 28, 2018",Universal,Comedy,"$77,339,130","8,621,976"
43,The First Purge,"Jul 4, 2018",Universal,Horror,"$69,488,745","7,746,794"
44,Game Night,"Feb 23, 2018",Warner Bros.,Comedy,"$69,179,066","7,712,270"
45,Book Club,"May 18, 2018",Paramount Pictures,Comedy,"$68,566,296","7,643,957"
46,The House with a Clock in i…,"Sep 21, 2018",Universal,Horror,"$68,549,695","7,642,106"
47,Skyscraper,"Jul 13, 2018",Universal,Action,"$68,420,120","7,627,661"
48,Insidious: The Last Key,"Jan 5, 2018",Universal,Horror,"$67,745,330","7,552,434"
49,Instant Family,"Nov 16, 2018",Paramount Pictures,Comedy,"$64,845,006","7,229,098"
50,Blockers,"Apr 6, 2018",Universal,Comedy,"$60,311,495","6,723,690"
51,Pacific Rim: Uprising,"Mar 23, 2018",Universal,Action,"$59,874,525","6,674,975"
52,Tomb Raider,"Mar 16, 2018",Warner Bros.,Action,"$58,250,803","6,493,958"
53,Maze Runner: The Death Cure,"Jan 26, 2018",20th Century Fox,Thriller/Suspense,"$58,032,443","6,469,615"
54,The Nutcracker and the Four…,"Nov 2, 2018",Walt Disney,Adventure,"$54,785,758","6,107,665"
55,Tag,"Jun 15, 2018",Warner Bros.,Comedy,"$54,730,625","6,101,519"
56,A Simple Favor,"Sep 14, 2018",Lionsgate,Thriller/Suspense,"$53,548,586","5,969,742"
57,Life of the Party,"May 11, 2018",Warner Bros.,Comedy,"$53,059,911","5,915,263"
58,The Predator,"Sep 14, 2018",20th Century Fox,Action,"$51,024,708","5,688,373"
59,Overboard,"May 4, 2018",Lionsgate,Romantic Comedy,"$50,316,123","5,609,378"
60,Sicario: Day of the Soldado,"Jun 29, 2018",Sony Pictures,Action,"$50,065,850","5,581,477"
61,I Feel Pretty,"Apr 20, 2018",STX Entertainment,Comedy,"$48,795,601","5,439,866"
62,BlacKkKlansman,"Aug 10, 2018",Focus Features,Thriller/Suspense,"$48,527,565","5,409,985"
63,The Shape of Water,"Dec 1, 2017",Fox Searchlight,Drama,"$48,189,258","5,372,270"
64,Red Sparrow,"Mar 2, 2018",20th Century Fox,Thriller/Suspense,"$46,874,505","5,225,697"
65,Breaking In,"May 11, 2018",Universal,Thriller/Suspense,"$46,840,590","5,221,916"
66,Goosebumps 2: Haunted Hallo…,"Oct 12, 2018",Sony Pictures,Horror,"$46,697,321","5,205,944"
67,12 Strong,"Jan 19, 2018",Warner Bros.,Drama,"$45,819,713","5,108,106"
68,Den of Thieves,"Jan 19, 2018",STX Entertainment,Action,"$44,947,622","5,010,883"
69,First Man,"Oct 12, 2018",Universal,Drama,"$44,936,545","5,009,648"
70,Hereditary,"Jun 8, 2018",A24,Horror,"$44,069,456","4,912,982"
71,Acrimony,"Mar 30, 2018",Lionsgate,Thriller/Suspense,"$43,549,096","4,854,972"
72,Sherlock Gnomes,"Mar 23, 2018",Paramount Pictures,Adventure,"$43,242,871","4,820,833"
73,Uncle Drew,"Jun 29, 2018",Lionsgate,Comedy,"$42,469,946","4,734,665"
74,Widows,"Nov 16, 2018",20th Century Fox,Thriller/Suspense,"$41,904,173","4,671,591"
75,Pitch Perfect 3,"Dec 22, 2017",Universal,Comedy,"$41,596,925","4,637,338"
76,Truth or Dare,"Apr 13, 2018",Universal,Thriller/Suspense,"$41,411,015","4,616,613"
77,Paddington 2,"Jan 12, 2018",Warner Bros.,Adventure,"$40,891,591","4,558,706"
78,"Love, Simon","Mar 16, 2018",20th Century Fox,Drama,"$40,826,341","4,551,432"
79,Darkest Hour,"Nov 22, 2017",Focus Features,Drama,"$38,310,263","4,270,932"
80,The Commuter,"Jan 12, 2018",Lionsgate,Action,"$36,343,858","4,051,712"
81,The 15:17 to Paris,"Feb 9, 2018",Warner Bros.,Drama,"$36,276,286","4,044,179"
82,Mile 22,"Aug 17, 2018",STX Entertainment,Action,"$36,108,758","4,025,502"
83,Alpha,"Aug 17, 2018",Sony Pictures,Adventure,"$35,851,379","3,996,809"
84,Peppermint,"Sep 7, 2018",STX Entertainment,Action,"$35,418,723","3,948,575"
85,Green Book,"Nov 21, 2018",Universal,Comedy,"$35,230,831","3,927,628"
86,Death Wish,"Mar 2, 2018",MGM,Action,"$34,017,028","3,792,310"
87,The Spy Who Dumped Me,"Aug 3, 2018",Lionsgate,Comedy,"$33,562,069","3,741,591"
88,Second Act,"Dec 21, 2018",STX Entertainment,Comedy,"$32,792,366","3,655,782"
89,Annihilation,"Feb 23, 2018",Paramount Pictures,Thriller/Suspense,"$32,732,301","3,649,086"
90,Isle of Dogs,"Mar 23, 2018",Fox Searchlight,Comedy,"$32,015,231","3,569,145"
91,Nobodyâs Fool,"Nov 2, 2018",Paramount Pictures,Drama,"$31,713,110","3,535,464"
92,Adrift,"Jun 1, 2018",STX Entertainment,Drama,"$31,445,011","3,505,575"
93,Ferdinand,"Dec 15, 2017",20th Century Fox,Adventure,"$30,863,663","3,440,765"
94,Robin Hood,"Nov 21, 2018",Lionsgate,Action,"$30,645,013","3,416,389"
95,Super Troopers 2,"Apr 20, 2018",20th Century Fox,Comedy,"$30,617,396","3,413,311"
96,Slender Man,"Aug 10, 2018",Sony Pictures,Horror,"$30,564,825","3,407,449"
97,Three Billboards Outside Eb…,"Nov 10, 2017",Fox Searchlight,Black Comedy,"$30,349,111","3,383,401"
98,Coco,"Nov 22, 2017",Walt Disney,Musical,"$29,891,816","3,332,420"
99,Teen Titans Go! To The Movies,"Jul 27, 2018",Warner Bros.,Adventure,"$29,790,236","3,321,097"
100,Hostiles,"Dec 22, 2017",Entertainment Stu…,Western,"$29,733,369","3,314,756"
101,Vice,"Dec 25, 2018",Annapurna Pictures,Black Comedy,"$29,727,497","3,314,102"
102,The Hate U Give,"Oct 19, 2018",20th Century Fox,Drama,"$29,668,644","3,307,541"
103,Holmes & Watson,"Dec 25, 2018",Sony Pictures,Comedy,"$28,313,749","3,156,493"
104,"I, Tonya","Dec 8, 2017",Neon,Black Comedy,"$27,663,198","3,083,968"
105,Searching,"Aug 24, 2018",Sony Pictures,Thriller/Suspense,"$26,015,149","2,900,239"
106,Winchester,"Feb 2, 2018",CBS Films,Horror,"$25,091,816","2,797,304"
107,The Strangers: Prey at Night,"Mar 9, 2018",Aviron Pictures,Horror,"$24,431,472","2,723,686"
108,White Boy Rick,"Sep 14, 2018",Sony Pictures,Drama,"$24,004,833","2,676,124"
109,Mollyâs Game,"Dec 25, 2017",STX Entertainment,Drama,"$23,403,264","2,609,059"
110,Wonât You Be My Neighbor?,"Jun 8, 2018",Focus Features,Documentary,"$22,835,787","2,545,796"
111,Overlord,"Nov 9, 2018",Paramount Pictures,Action,"$21,704,844","2,419,715"
112,The Fog,"Feb 1, 1980",Avco Embassy,Horror,"$21,445,318","2,390,782"
113,Proud Mary,"Jan 12, 2018",Sony Pictures,Action,"$20,868,638","2,326,492"
114,The Happytime Murders,"Aug 24, 2018",STX Entertainment,Black Comedy,"$20,706,452","2,308,411"
115,Phantom Thread,"Dec 25, 2017",Focus Features,Drama,"$20,670,365","2,304,389"
116,Superfly,"Jun 13, 2018",Sony Pictures,Action,"$20,537,137","2,289,535"
117,The Favourite,"Nov 23, 2018",Fox Searchlight,Black Comedy,"$19,297,628","2,151,352"
118,Escape Room,"Jan 4, 2019",Sony Pictures,Thriller/Suspense,"$18,238,172","2,033,241"
119,Bad Times at the El Royale,"Oct 12, 2018",20th Century Fox,Thriller/Suspense,"$17,839,115","1,988,753"
120,Show Dogs,"May 18, 2018",Global Road,Comedy,"$17,744,685","1,978,225"
121,Operation Finale,"Aug 29, 2018",MGM,Drama,"$17,612,099","1,963,444"
122,"Paul, Apostle of Christ","Mar 23, 2018",Sony Pictures,Drama,"$17,547,999","1,956,298"
123,Lady Bird,"Nov 3, 2017",A24,Drama,"$17,525,810","1,953,824"
124,Sorry to Bother You,"Jul 6, 2018",Annapurna Pictures,Comedy,"$17,493,096","1,950,177"
125,Chappaquiddick,"Apr 6, 2018",Entertainment Stu…,Thriller/Suspense,"$17,395,521","1,939,299"
126,Forever My Girl,"Jan 19, 2018",Roadside Attractions,Drama,"$16,376,066","1,825,648"
127,Mortal Engines,"Dec 14, 2018",Universal,Action,"$15,767,725","1,757,828"
128,Hunter Killer,"Oct 26, 2018",Lionsgate,Thriller/Suspense,"$15,767,460","1,757,799"
129,The Girl in the Spiderâs Web,"Nov 9, 2018",Sony Pictures,Thriller/Suspense,"$14,828,555","1,653,127"
130,The Possession of Hannah Grace,"Nov 30, 2018",Sony Pictures,Horror,"$14,682,696","1,636,866"
131,RBG,"May 4, 2018",Magnolia Pictures,Documentary,"$14,017,361","1,562,693"
132,Eighth Grade,"Jul 13, 2018",A24,Drama,"$13,539,710","1,509,443"
133,Mary Queen of Scots,"Dec 7, 2018",Focus Features,Drama,"$13,424,885","1,496,642"
134,Call Me by Your Name,"Nov 24, 2017",Sony Pictures Cla…,Drama,"$13,158,311","1,466,924"
135,The Darkest Minds,"Aug 3, 2018",20th Century Fox,Thriller/Suspense,"$12,695,691","1,415,350"
136,All the Money in the World,"Dec 25, 2017",Sony Pictures,Thriller/Suspense,"$12,393,945","1,381,710"
137,Three Identical Strangers,"Jun 29, 2018",Neon,Documentary,"$12,320,845","1,373,561"
138,Upgrade,"Jun 1, 2018",BH Tilt,Thriller/Suspense,"$11,977,130","1,335,243"
139,Padmavati,"Jan 25, 2018",Paramount Pictures,Drama,"$11,846,060","1,320,630"
140,Free Solo,"Sep 28, 2018",Greenwich,Documentary,"$11,447,188","1,276,163"
141,The Old Man and the Gun,"Sep 28, 2018",Fox Searchlight,Comedy,"$11,198,543","1,248,444"
142,Hell Fest,"Sep 28, 2018",CBS Films,Horror,"$11,107,431","1,238,287"
143,Wonder,"Nov 17, 2017",Lionsgate,Drama,"$10,863,515","1,211,094"
144,Welcome to Marwen,"Dec 21, 2018",Universal,Drama,"$10,406,625","1,160,158"
145,The Miracle Season,"Apr 6, 2018",LD Entertainment,Drama,"$10,230,620","1,140,537"
146,Midnight Sun,"Mar 23, 2018",Global Road,Drama,"$9,561,064","1,065,893"
147,Tully,"May 4, 2018",Focus Features,Comedy,"$9,369,755","1,044,566"
148,Traffik,"Apr 20, 2018",Lionsgate,Thriller/Suspense,"$9,186,156","1,024,098"
149,Unfriended: Dark Web,"Jul 20, 2018",OTL Releasing,Horror,"$8,866,745","988,489"
150,Early Man,"Feb 16, 2018",Lionsgate,Adventure,"$8,267,544","921,688"
151,The Wife,"Aug 17, 2018",Sony Pictures Cla…,Drama,"$8,206,930","914,930"
152,The Death of Stalin,"Mar 9, 2018",IFC Films,Black Comedy,"$8,041,828","896,524"
153,Sanju,"Jun 29, 2018",20th Century Fox,Drama,"$7,909,317","881,752"
154,Unsane,"Mar 23, 2018",Bleecker Street,Thriller/Suspense,"$7,690,044","857,307"
155,Can You Ever Forgive Me?,"Oct 19, 2018",Fox Searchlight,Drama,"$7,645,511","852,342"
156,Beautiful Boy,"Oct 12, 2018",Amazon Studios,Drama,"$7,610,815","848,474"
157,Mid90s,"Oct 19, 2018",A24,Drama,"$7,362,439","820,784"
158,Downsizing,"Dec 22, 2017",Paramount Pictures,Comedy,"$7,289,080","812,606"
159,Dog Days,"Aug 8, 2018",LD Entertainment,Romantic Comedy,"$6,809,080","759,094"
160,Boy Erased,"Nov 2, 2018",Focus Features,Drama,"$6,788,692","756,821"
161,Hotel Artemis,"Jun 8, 2018",Global Road,Thriller/Suspense,"$6,708,137","747,841"
162,A.X.L.,"Aug 24, 2018",Global Road,Drama,"$6,501,381","724,791"
163,Fahrenheit 11/9,"Sep 21, 2018",Briarcliffe Enter…,Documentary,"$6,352,306","708,172"
164,Unbroken: Path to Redemption,"Sep 14, 2018",Pure Flix Enterta…,Drama,"$6,216,897","693,076"
165,The Hurricane Heist,"Mar 9, 2018",Entertainment Stu…,Thriller/Suspense,"$6,115,824","681,808"
166,Every Day,"Feb 23, 2018",Orion Pictures,Drama,"$6,112,914","681,484"
167,Leave No Trace,"Jun 29, 2018",Bleecker Street,Drama,"$6,046,104","674,036"
168,Death of a Nation,"Aug 3, 2018",Quality Flix,Documentary,"$5,885,881","656,174"
169,Pandas,"Apr 6, 2018",IMAX Films,Documentary,"$5,757,906","641,907"
170,Godâs Not Dead: A Light in …,"Mar 30, 2018",Pure Flix Enterta…,Drama,"$5,728,940","638,677"
171,Kin,"Aug 31, 2018",Lionsgate,Action,"$5,718,096","637,469"
172,They Shall Not Grow Old,"Dec 17, 2018",Warner Bros.,Documentary,"$5,703,839","635,879"
173,My Hero Academia: Two Heroes,"Sep 25, 2018",FUNimation,Adventure,"$5,427,591","605,082"
174,Colette,"Sep 21, 2018",Bleecker Street,Drama,"$5,126,985","571,570"
175,Action Point,"Jun 1, 2018",Paramount Pictures,Comedy,"$5,059,608","564,059"
176,Beirut,"Apr 11, 2018",Bleecker Street,Action,"$5,019,226","559,556"
177,Gringo,"Mar 9, 2018",STX Entertainment,Black Comedy,"$4,969,853","554,052"
178,Samson,"Feb 16, 2018",Pure Flix Enterta…,Drama,"$4,719,928","526,190"
179,Father Figures,"Dec 22, 2017",Warner Bros.,Comedy,"$4,615,957","514,599"
180,Johnny English Strikes Again,"Oct 26, 2018",Focus Features,Comedy,"$4,412,170","491,881"
181,If Beale Street Could Talk,"Dec 14, 2018",Annapurna Pictures,Drama,"$4,409,248","491,554"
182,Blindspotting,"Jul 20, 2018",Lionsgate,Drama,"$4,333,394","483,099"
183,Gotti,"Jun 15, 2018",Vertical Entertai…,Drama,"$4,286,367","477,855"
184,Ya Veremos,"Aug 31, 2018",Lionsgate,Drama,"$4,165,949","464,431"
185,Simmba,"Dec 28, 2018",Reliance Entertai…,Action,"$4,115,790","458,839"
186,Life Itself,"Sep 21, 2018",Amazon Studios,Drama,"$4,095,431","456,569"
187,Thor: Ragnarok,"Nov 3, 2017",Walt Disney,Action,"$3,833,139","427,328"
188,On the Basis of Sex,"Dec 25, 2018",Focus Features,Drama,"$3,707,849","413,361"
189,Gosnell: The Trial of Ameri…,"Oct 12, 2018",GVN Releasing,Drama,"$3,679,893","410,244"
190,Indivisible,"Oct 26, 2018",Pure Flix Enterta…,Drama,"$3,511,417","391,462"
191,2018 Oscar Shorts,"Feb 9, 2018",ShortsHD,Multiple Genres,"$3,508,777","391,168"
192,Disobedience,"Apr 27, 2018",Bleecker Street,Drama,"$3,480,702","388,038"
193,Justice League,"Nov 17, 2017",Warner Bros.,Action,"$3,478,000","387,737"
194,First Reformed,"May 18, 2018",A24,Thriller/Suspense,"$3,448,256","384,420"
195,"Juliet, Naked","Aug 17, 2018",Roadside Attractions,Romantic Comedy,"$3,444,895","384,046"
196,Bad Samaritan,"May 4, 2018",Electric Entertai…,Thriller/Suspense,"$3,424,744","381,799"
197,The Disaster Artist,"Dec 1, 2017",A24,Comedy,"$3,258,821","363,302"
198,2001: A Space Odyssey,"Apr 2, 1968",MGM,Adventure,"$3,236,321","360,794"
199,The Leisure Seeker,"Mar 9, 2018",Sony Pictures Cla…,Drama,"$3,224,126","359,434"
200,7 Days in Entebbe,"Mar 16, 2018",Focus Features,Thriller/Suspense,"$3,189,220","355,542"
201,The Sisters Brothers,"Sep 21, 2018",Annapurna Pictures,Western,"$3,143,056","350,396"
202,Thoroughbreds,"Mar 9, 2018",Focus Features,Drama,"$3,072,605","342,542"
203,Sgt. Stubby: An American Hero,"Apr 13, 2018",Fun Academy Motio…,Adventure,"$3,054,285","340,500"
204,Whitney,"Jul 6, 2018",Roadside Attractions,Documentary,"$3,026,558","337,408"
205,American Animals,"Jun 1, 2018",The Orchard,Thriller/Suspense,"$2,853,526","318,118"
206,God Bless the Broken Road,"Sep 7, 2018",Freestyle Releasing,Drama,"$2,846,258","317,308"
207,La Boda de Valentina,"Feb 9, 2018",Lionsgate,Romantic Comedy,"$2,783,739","310,339"
208,Bharat Ane Nenu,"Apr 20, 2018",Great India Films,Thriller/Suspense,"$2,663,090","296,888"
209,You Were Never Really Here,"Apr 6, 2018",Amazon Studios,Drama,"$2,523,610","281,338"
210,Ben is Back,"Dec 7, 2018",Roadside Attractions,Drama,"$2,511,840","280,026"
211,Suspiria,"Oct 26, 2018",Amazon Studios,Horror,"$2,483,472","276,864"
212,The Rider,"Apr 13, 2018",Sony Pictures Cla…,Drama,"$2,418,679","269,640"
213,Mary and the Witchâs Flower,"Jan 19, 2018",GKIDS,Adventure,"$2,418,404","269,610"
214,Hearts Beat Loud,"Jun 8, 2018",Gunpowder & Sky,Drama,"$2,386,254","266,026"
215,Papillon,"Aug 24, 2018",Bleecker Street,Drama,"$2,335,896","260,412"
216,Daddyâs Home 2,"Nov 10, 2017",Paramount Pictures,Comedy,"$2,238,062","249,505"
217,Murder on the Orient Express,"Nov 10, 2017",20th Century Fox,Drama,"$2,206,919","246,033"
218,Puzzle,"Jul 27, 2018",Sony Pictures Cla…,Drama,"$2,031,242","226,448"
219,A Fantastic Woman,"Feb 2, 2018",Sony Pictures Cla…,Drama,"$2,019,554","225,145"
220,Pope FrancisâA Man of His W…,"May 18, 2018",Focus Features,Documentary,"$2,008,385","223,900"
221,Assassination Nation,"Sep 21, 2018",Neon,Thriller/Suspense,"$2,005,142","223,538"
222,The Front Runner,"Nov 6, 2018",Sony Pictures,Drama,"$1,994,179","222,316"
223,Detective Chinatown 2,"Feb 16, 2018",Warner Bros.,Action,"$1,983,984","221,180"
224,At Eternityâs Gate,"Nov 16, 2018",CBS Films,Drama,"$1,976,942","220,394"
225,Dunkirk,"Jul 21, 2017",Warner Bros.,Action,"$1,695,119","188,976"
226,Race 3,"Jun 15, 2018",Yash Raj Films,Action,"$1,690,861","188,501"
227,Padman,"Feb 9, 2018",Sony Pictures,Comedy,"$1,662,927","185,387"
228,Shoplifters,"Nov 23, 2018",Magnolia Pictures,Drama,"$1,646,805","183,590"
229,A Private War,"Nov 2, 2018",Aviron Pictures,Drama,"$1,623,111","180,948"
230,The Bookshop,"Aug 24, 2018",Greenwich,Drama,"$1,600,786","178,459"
231,Operation Red Sea,"Feb 23, 2018",Well Go USA,Action,"$1,543,547","172,078"
232,Thugs of Hindostan,"Nov 8, 2018",Yash Raj Films,Action,"$1,449,848","161,632"
233,"Donât Worry, He Wonât Get F…","Jul 13, 2018",Amazon Studios,Drama,"$1,441,705","160,725"
234,Finding Your Feet,"Mar 30, 2018",Roadside Attractions,Comedy,"$1,418,682","158,158"
235,Little Women,"Sep 28, 2018",Pinnacle Peak,Drama,"$1,379,497","153,790"
236,102 Not Out,"May 4, 2018",Sony Pictures,Comedy,"$1,339,909","149,376"
237,Baaghi 2,"Mar 30, 2018",FIP,Action,"$1,319,579","147,110"
238,Along With The Gods: The Tw…,"Dec 22, 2017",Well Go USA,Action,"$1,266,947","141,242"
239,McQueen,"Jul 20, 2018",Bleecker Street,Documentary,"$1,257,275","140,164"
240,The Seagull,"May 11, 2018",Sony Pictures Cla…,Drama,"$1,252,960","139,683"
241,The Hows of Us,"Sep 7, 2018",ABS-CBN,Drama,"$1,246,444","138,956"
242,Maria by Callas,"Nov 2, 2018",Sony Pictures Cla…,Documentary,"$1,230,392","137,167"
243,Mandy,"Sep 14, 2018",RLJ Entertainment,Thriller/Suspense,"$1,214,525","135,398"
244,Beautifully Broken,"Aug 24, 2018",ArtAffects,Drama,"$1,209,645","134,854"
245,Along with the Gods: The La…,"Aug 1, 2018",Well Go USA,Action,"$1,200,246","133,806"
246,Andhadhun,"Oct 5, 2018",Eros Entertainment,Multiple Genres,"$1,193,049","133,004"
247,Lean on Pete,"Apr 6, 2018",A24,Drama,"$1,163,056","129,660"
248,The Dawn Wall,"Sep 14, 2018",The Orchard,Documentary,"$1,037,023","115,610"
249,Wildlife,"Oct 19, 2018",IFC Films,Drama,"$1,024,845","114,252"
250,Raid,"Mar 16, 2018",Eros Entertainment,Drama,"$1,010,385","112,640"
251,The Insult,"Jan 12, 2018",Cohen Media Group,Drama,"$1,000,038","111,486"
252,Yellow Submarine,"Nov 13, 1968",United Artists,Musical,"$993,385","110,745"
253,Tiger Zinda Hai,"Dec 22, 2017",Yash Raj Films,Action,"$988,690","110,221"
254,Film Stars Donât Die in Liv…,"Dec 29, 2017",Sony Pictures Cla…,Drama,"$979,074","109,149"
255,The Miseducation of Cameron…,"Aug 3, 2018",FilmRise,Drama,"$905,111","100,904"
256,Schindlerâs List,"Dec 15, 1993",Universal,Drama,"$895,180","99,797"
257,Kedarnath,"Dec 7, 2018",PackYourBag Films,Drama,"$893,582","99,618"
258,The Star,"Nov 17, 2017",Sony Pictures,Adventure,"$884,046","98,555"
259,The Cakemaker,"Jun 29, 2018",Strand,Drama,"$874,584","97,501"
260,Tea with the Dames,"Sep 21, 2018",IFC Films,Documentary,"$867,903","96,756"
261,Let The Sunshine In,"Apr 27, 2018",Sundance Selects,Romantic Comedy,"$866,714","96,623"
262,Beast,"May 11, 2018",Roadside Attractions,Drama,"$800,365","89,226"
263,Sui Dhaaga: Made in India,"Sep 28, 2018",Yash Raj Films,Romantic Comedy,"$790,628","88,141"
264,Border,"Oct 26, 2018",Neon,Thriller/Suspense,"$771,930","86,056"
265,1945,"Nov 1, 2017",Menemsha Entertai…,Drama,"$762,018","84,951"
266,The Party,"Feb 16, 2018",Roadside Attractions,Drama,"$749,827","83,592"
267,How Long Will I Love U,"May 25, 2018",Well Go USA,Romantic Comedy,"$746,933","83,270"
268,On Chesil Beach,"May 18, 2018",Bleecker Street,Drama,"$745,972","83,162"
269,The Polar Express,"Nov 10, 2004",Warner Bros.,Adventure,"$731,018","81,496"
270,Vox Lux,"Dec 7, 2018",Neon,Musical,"$727,119","81,061"
271,Walk with me,"Jul 18, 2017",Gathr Films,Documentary,"$726,593","81,002"
272,Mirai no Mirai,"Nov 29, 2018",GKIDS,Adventure,"$722,601","80,557"
273,The Catcher Was A Spy,"Jun 22, 2018",IFC Films,Drama,"$714,205","79,621"
274,The Little Stranger,"Aug 31, 2018",Focus Features,Drama,"$713,143","79,503"
275,Monster Hunt 2,"Feb 16, 2018",Lionsgate,Adventure,"$706,153","78,724"
276,Boundaries,"Jun 22, 2018",Sony Pictures Cla…,Drama,"$701,828","78,241"
277,Blaze,"Aug 17, 2018",IFC Films,Drama,"$699,114","77,939"
278,Nothing to Lose,"May 10, 2018",Swen Group,Drama,"$679,531","75,755"
279,The Island,"Aug 10, 2018",Well Go USA,Comedy,"$670,883","74,791"
280,Bombshell: The Hedy Lamarr …,"Nov 24, 2017",Zeitgeist,Documentary,"$664,289","74,056"
281,Perfect Blue,"Aug 20, 1999",,,"$664,129","74,038"
282,Ex Files 3: Return of the Exes,"Dec 29, 2017",China Lion Film D…,Comedy,"$656,871","73,229"
283,Lizzie,"Sep 14, 2018",Roadside Attractions,Drama,"$642,157","71,589"
284,"Love, Gilda","Sep 21, 2018",Magnolia Pictures,Documentary,"$626,318","69,823"
285,Itzhak,"Mar 9, 2018",Greenwich,Documentary,"$618,626","68,966"
286,Burning,"Oct 26, 2018",Well Go USA,Thriller/Suspense,"$618,493","68,951"
287,Foxtrot,"Mar 2, 2018",Sony Pictures Cla…,Drama,"$617,972","68,893"
288,The Florida Project,"Oct 6, 2017",A24,Drama,"$607,067","67,677"
289,Marshall,"Oct 13, 2017",Open Road,Drama,"$583,341","65,032"
290,Loveless,"Feb 16, 2018",Sony Pictures Cla…,Drama,"$564,073","62,884"
291,Get Out,"Feb 24, 2017",Universal,Horror,"$556,525","62,042"
292,A Cool Fish,"Nov 16, 2018",China Lion Film D…,Comedy,"$551,196","61,448"
293,Anna and the Apocalypse,"Nov 30, 2018",Orion Pictures,Musical,"$545,597","60,824"
294,Pick of the Litter,"Aug 31, 2018",IFC Films,Documentary,"$536,617","59,823"
295,Fireworks,"Jul 4, 2018",GKIDS,Drama,"$525,280","58,559"
296,Beetle Juice,"Mar 30, 1988",Warner Bros.,Comedy,"$512,947","57,185"
297,Husband Material,"Sep 14, 2018",Eros Entertainment,Drama,"$506,548","56,471"
298,Monsters and Men,"Sep 28, 2018",Neon,Drama,"$500,101","55,752"
299,The Spy Gone North,"Aug 10, 2018",CJ Entertainment,Drama,"$497,755","55,491"
300,Bilal: A New Breed of Hero,"Feb 2, 2018",Vertical Entertai…,Adventure,"$490,973","54,735"
301,The Great Battle,"Sep 21, 2018",Well Go USA,Action,"$472,166","52,638"
302,Loving Vincent,"Sep 22, 2017",Good Deed Enterta…,Drama,"$465,429","51,887"
303,The Happy Prince,"Oct 10, 2018",Sony Pictures Cla…,Drama,"$464,495","51,783"
304,Scotty and the Secret Histo…,"Jul 27, 2018",Greenwich,Documentary,"$461,689","51,470"
305,Final Portrait,"Mar 23, 2018",Sony Pictures Cla…,Drama,"$460,859","51,377"
306,The Children Act,"Sep 14, 2018",A24,Drama,"$457,803","51,037"
307,Condorito: The Movie,"Jan 12, 2018",Lionsgate,Adventure,"$447,719","49,913"
308,Elf,"Nov 7, 2003",New Line,Adventure,"$442,073","49,284"
309,Anthropocene: The Human Epoch,"Sep 28, 2018",Mongrel Media,Documentary,"$413,915","46,144"
310,A Bag of Marbles,"Mar 23, 2018",Self Distributed,Drama,"$409,862","45,692"
311,Hubble 3D,"Mar 19, 2010",Warner Bros.,Documentary,"$408,663","45,559"
312,"The Night is Short, Walk on…","Aug 21, 2018",GKIDS,Romantic Comedy,"$406,490","45,316"
313,The Oath,"Oct 12, 2018",Roadside Attractions,Black Comedy,"$401,464","44,756"
314,We The Animals,"Aug 17, 2018",The Orchard,Drama,"$400,746","44,676"
315,The Gospel According to Andre,"May 25, 2018",Magnolia Pictures,Documentary,"$400,713","44,672"
316,Leaning into the Wind,"Mar 9, 2018",Magnolia Pictures,Documentary,"$400,530","44,652"
317,Blade Runner 2049,"Oct 6, 2017",Warner Bros.,Thriller/Suspense,"$399,647","44,554"
318,Soorma,"Jul 13, 2018",Sony Pictures,Drama,"$382,104","42,597"
319,The Dark Knight,"Jul 18, 2008",Warner Bros.,Action,"$375,589","41,872"
320,Oh Lucy!,"Mar 2, 2018",Film Movement,Comedy,"$375,393","41,849"
321,Grace Jones: Bloodlight and…,"Apr 13, 2018",Kino Lorber,Documentary,"$375,208","41,829"
322,Believer,"Jun 8, 2018",Well Go USA,Thriller/Suspense,"$365,639","40,762"
323,Mountain,"May 11, 2018",Greenwich,Documentary,"$364,429","40,627"
324,Kusama: Infinity,"Sep 7, 2018",Magnolia Pictures,Documentary,"$360,931","40,237"
325,The Rocky Horror Picture Show,"Sep 26, 1975",20th Century Fox,Musical,"$360,000","40,133"
326,The Wizard of Oz,"Sep 23, 2009",Warner Bros.,Musical,"$351,839","39,224"
327,"Faces, Places","Oct 6, 2017",Cohen Media Group,Documentary,"$347,796","38,773"
328,Under the Sea 3D,"Feb 13, 2009",Warner Bros.,Documentary,"$333,495","37,179"
329,Shine,"Oct 5, 2018",GVN Releasing,Drama,"$333,388","37,167"
330,Flower,"Mar 16, 2018",The Orchard,Drama,"$328,188","36,587"
331,Youth,"Dec 15, 2017",China Lion Film D…,Drama,"$312,241","34,809"
332,In The Fade,"Dec 27, 2017",Magnolia Pictures,Drama,"$310,556","34,621"
333,Damsel,"Jun 22, 2018",Magnolia Pictures,Western,"$305,136","34,017"
334,Harry Potter and the Sorcer…,"Nov 16, 2001",Warner Bros.,Adventure,"$295,917","32,990"
335,Golden Job,"Sep 28, 2018",Well Go USA,Action,"$285,795","31,861"
336,But Deliver Us From Evil,"Feb 9, 2018",Indican Pictures,Horror,"$285,169","31,791"
337,The Square,"Oct 27, 2017",Magnolia Pictures,Drama,"$278,921","31,094"
338,Science Fair,"Sep 14, 2018",National Geograph…,Documentary,"$278,350","31,031"
339,Kings,"Apr 27, 2018",The Orchard,Drama,"$274,320","30,581"
340,Cold War,"Dec 21, 2018",Amazon Studios,Drama,"$272,118","30,336"
341,The Endless,"Apr 6, 2018",Well Go USA,Thriller/Suspense,"$272,020","30,325"
342,Detective Dee: The Four Hea…,"Jul 27, 2018",Well Go USA,Action,"$262,963","29,315"
343,The King,"Jun 22, 2018",Oscilloscope Pict…,Documentary,"$259,291","28,906"
344,What They Had,"Oct 19, 2018",Bleecker Street,Drama,"$257,869","28,747"
345,Back to Burgundy,"Mar 23, 2018",Music Box Films,Drama,"$257,610","28,719"
346,London Fields,"Oct 26, 2018",GVN Releasing,Thriller/Suspense,"$252,676","28,169"
347,The House That Jack Built,"Dec 14, 2018",IFC Films,Thriller/Suspense,"$251,804","28,071"
348,Destroyer,"Dec 25, 2018",Annapurna Pictures,Thriller/Suspense,"$248,081","27,656"
349,Harry Potter and the Chambe…,"Nov 15, 2002",Warner Bros.,Adventure,"$245,501","27,369"
350,Generation Wealth,"Jul 20, 2018",Amazon Studios,Documentary,"$237,709","26,500"
351,Skate Kitchen,"Aug 10, 2018",Magnolia Pictures,Drama,"$236,799","26,398"
352,Meditation Park,"Mar 9, 2018",Mongrel Media,Drama,"$235,849","26,293"
353,Stan & Ollie,"Dec 28, 2018",Sony Pictures Cla…,Drama,"$234,342","26,125"
354,Borg vs McEnroe,"Apr 13, 2018",Neon,Drama,"$231,346","25,791"
355,Matangi/Maya/M.I.A.,"Sep 28, 2018",Abramorama Films,Documentary,"$230,808","25,731"
356,Happy End,"Dec 22, 2017",Sony Pictures Cla…,Drama,"$230,054","25,647"
357,MFKZ,"Oct 11, 2018",GKIDS,Adventure,"$229,423","25,576"
358,Island of Lemurs: Madagascar,"Apr 4, 2014",Warner Bros.,Documentary,"$224,252","25,000"
359,Jane,"Oct 20, 2017",Abramorama Films,Documentary,"$220,790","24,614"
360,Harry Potter and the Prison…,"Jun 4, 2004",Warner Bros.,Adventure,"$218,774","24,390"
361,A Bad Moms Christmas,"Nov 1, 2017",STX Entertainment,Comedy,"$218,671","24,378"
362,Dark Money,"Jul 13, 2018",PBS Distribution,Documentary,"$217,932","24,295"
363,Getting Grace,"Mar 23, 2018",Hannover House,Comedy,"$217,812","24,282"
364,Agent Mr. Chan,"Feb 23, 2018",China Lion Film D…,Comedy,"$208,351","23,227"
365,The Guilty,"Oct 19, 2018",Magnolia Pictures,Thriller/Suspense,"$207,140","23,092"
366,Keep The Change,"Mar 16, 2018",Kino Lorber,Romantic Comedy,"$202,788","22,607"
367,Gemini,"Mar 30, 2018",Neon,Thriller/Suspense,"$200,340","22,334"
368,Zama,"Apr 13, 2018",Strand,Action,"$200,181","22,316"
369,Gauguin: Voyage to Tahiti,"Jul 13, 2018",Cohen Media Group,Drama,"$200,140","22,312"
370,Little Pink House,"Apr 20, 2018",Dada Films,Drama,"$199,069","22,192"
371,Swing Kids,"Dec 21, 2018",Well Go USA,Drama,"$195,757","21,823"
372,The Final Year,"Jan 19, 2018",Magnolia Pictures,Documentary,"$191,900","21,393"
373,Studio 54,"Oct 5, 2018",Zeitgeist,Documentary,"$190,412","21,227"
374,Harry Potter and the Goblet…,"Nov 18, 2005",Warner Bros.,Adventure,"$188,716","21,039"
375,The Monkey King 3: Kingdom …,"Feb 16, 2018",Well Go USA,Action,"$187,074","20,855"
376,Never-Ending Man: Hayao Miy…,"Dec 13, 2018",GKIDS,Documentary,"$186,944","20,841"
377,Goldbuster,"Jan 5, 2018",Well Go USA,Comedy,"$186,135","20,750"
378,Summer 1993,"May 25, 2018",Oscilloscope Pict…,Drama,"$185,903","20,724"
379,Madelineâs Madeline,"Aug 10, 2018",Oscilloscope Pict…,Drama,"$185,576","20,688"
380,Jane and Emma,"Oct 12, 2018",Excel Entertainment,Drama,"$184,795","20,601"
381,Born to be Wild 3D,"Apr 8, 2011",Warner Bros.,Documentary,"$184,248","20,540"
382,Karwaan,"Aug 3, 2018",Self Distributed,Comedy,"$182,009","20,290"
383,Harry Potter and the Deathl…,"Jul 15, 2011",Warner Bros.,Adventure,"$181,938","20,283"
384,Last Letter,"Nov 9, 2018",China Lion Film D…,,"$179,721","20,035"
385,BuyBust,"Aug 10, 2018",Well Go USA,Action,"$178,471","19,896"
386,The Guardians,"May 4, 2018",Music Box Films,Drama,"$177,331","19,769"
387,Always at the Carlyle,"May 11, 2018",Good Deed Enterta…,Documentary,"$174,251","19,425"
388,Capernaum,"Dec 14, 2018",Sony Pictures Cla…,Drama,"$172,390","19,218"
389,Rampant,"Oct 26, 2018",Well Go USA,Horror,"$167,937","18,722"
390,Double Lover,"Feb 14, 2018",Cohen Media Group,Drama,"$167,093","18,627"
391,Boom for Real: The Late Tee…,"May 11, 2018",Magnolia Pictures,Documentary,"$166,616","18,574"
392,Only the Brave,"Oct 20, 2017",Sony Pictures,Drama,"$158,763","17,699"
393,Far From the Tree,"Jul 20, 2018",Sundance Selects,Documentary,"$156,946","17,496"
394,Batti Gul Meter Chalu,"Sep 21, 2018",Eros Entertainment,Drama,"$153,847","17,151"
395,Bad Reputation,"Sep 28, 2018",Magnolia Pictures,Documentary,"$148,568","16,562"
396,Museum,"Sep 14, 2018",YouTube,Drama,"$148,505","16,555"
397,Journeyâs End,"Mar 16, 2018",Good Deed Enterta…,Drama,"$148,275","16,530"
398,Harry Potter and the Deathl…,"Nov 19, 2010",Warner Bros.,Adventure,"$148,263","16,529"
399,The Great Buster,"Oct 5, 2018",Cohen Media Group,Documentary,"$144,199","16,075"
400,The World Before Your Feet,"Nov 21, 2018",Greenwich,Documentary,"$142,789","15,918"
401,Ghost Stories,"Apr 20, 2018",IFC Midnight,Horror,"$135,095","15,060"
402,Harry Potter and the Order …,"Jul 11, 2007",Warner Bros.,Adventure,"$132,522","14,774"
403,Eating Animals,"Jun 15, 2018",Sundance Selects,Documentary,"$130,608","14,560"
404,Harry Potter and the Half-B…,"Jul 15, 2009",Warner Bros.,Adventure,"$130,081","14,502"
405,Support The Girls,"Aug 24, 2018",Magnolia Pictures,Comedy,"$129,124","14,395"
406,The Young Karl Marx,"Feb 23, 2018",The Orchard,Drama,"$125,659","14,008"
407,Geostorm,"Oct 20, 2017",Warner Bros.,Action,"$121,378","13,532"
408,Wings of Desire (1987) (Re-…,"Oct 19, 2018",Janus Films,Drama,"$120,816","13,468"
409,Till the End of the World,"Feb 2, 2018",China Lion Film D…,Adventure,"$118,352","13,194"
410,Bisbee â17,"Sep 5, 2018",4th Row Films,Documentary,"$117,470","13,095"
411,Ryuichi Sakamoto: Coda,"Jul 6, 2018",MUBI,Documentary,"$117,460","13,094"
412,â85 The Greatest Team in Fo…,"Jan 29, 2018",Fathom Events,Documentary,"$115,463","12,872"
413,Gonjiam: Haunted Asylum,"Apr 13, 2018",Well Go USA,Horror,"$115,252","12,848"
414,Bodied,"Nov 2, 2018",Independent Artists,Comedy,"$113,956","12,704"
415,Love After Love,"Mar 30, 2018",IFC Films,Drama,"$113,074","12,605"
416,"Roman J. Israel, Esq.","Nov 17, 2017",Sony Pictures,Drama,"$111,438","12,423"
417,Lu Over The Wall,"May 11, 2018",GKIDS,Adventure,"$110,168","12,281"
418,The Negotiation,"Sep 19, 2018",CJ Entertainment,Drama,"$109,856","12,247"
419,El Angel,"Nov 9, 2018",The Orchard,Drama,"$109,608","12,219"
420,The Captain,"Jul 27, 2018",Music Box Films,Drama,"$109,226","12,176"
421,Deep Sea 3-D,"Mar 3, 2006",Warner Bros.,Documentary,"$108,865","12,137"
422,In Between,"Jan 5, 2018",Film Movement,Drama,"$107,977","12,037"
423,"Love, Cecil","Jun 29, 2018",Zeitgeist,Documentary,"$106,057","11,823"
424,Namaste England,"Oct 19, 2018",Eros Entertainment,Romantic Comedy,"$104,079","11,603"
425,Detective K: Secret of the …,"Feb 16, 2018",Well Go USA,Comedy,"$104,012","11,595"
426,Memoir of War,"Aug 17, 2018",Music Box Films,Drama,"$103,770","11,568"
427,Airpocalypse,"Dec 21, 2018",China Lion Film D…,Adventure,"$103,053","11,488"
428,Ismaelâs Ghost,"Mar 23, 2018",Magnolia Pictures,Thriller/Suspense,"$102,510","11,428"
429,Andrei Rublev,"Oct 31, 1973",Columbia,Drama,"$102,023","11,373"
430,Unstoppable,"Nov 30, 2018",Well Go USA,Action,"$101,417","11,306"
431,The Man Who Invented Christmas,"Nov 22, 2017",Bleecker Street,Adventure,"$100,351","11,187"
432,All About Nina,"Sep 28, 2018",The Orchard,Drama,"$100,335","11,185"
433,Filmworker,"May 11, 2018",Kino Lorber,Documentary,"$99,593","11,102"
434,Revenge,"May 11, 2018",Neon,Action,"$99,197","11,058"
435,Champion,"May 11, 2018",Well Go USA,Drama,"$97,470","10,866"
436,Mary Shelley,"May 25, 2018",IFC Films,Drama,"$97,321","10,849"
437,Wonder Wheel,"Dec 1, 2017",Amazon Studios,Drama,"$96,631","10,772"
438,Let the Corpses Tan,"Aug 31, 2018",Kino Lorber,Thriller/Suspense,"$93,409","10,413"
439,Reign of Judges: Title of L…,"Mar 15, 2018",Darin Southam End…,Action,"$93,224","10,392"
440,The Breadwinner,"Nov 17, 2017",GKIDS,Drama,"$92,074","10,264"
441,John McEnroe: In the Realm …,"Aug 22, 2018",Oscilloscope Pict…,Documentary,"$90,964","10,140"
442,Running for Grace,"Jul 19, 2018",Blue Fox Entertai…,Drama,"$90,782","10,120"
443,The Third Murder,"Jul 20, 2018",Film Movement,Thriller/Suspense,"$89,315","9,957"
444,The Price of Everything,"Oct 19, 2018",HBO Documentary F…,Documentary,"$87,400","9,743"
445,Nostalgia,"Feb 16, 2018",Bleecker Street,Drama,"$86,301","9,621"
446,Big Brother,"Aug 31, 2018",Well Go USA,Multiple Genres,"$85,624","9,545"
447,Sweet Country,"Apr 6, 2018",Samuel Goldwyn Films,Western,"$85,556","9,538"
448,Lobster Cop,"Jun 22, 2018",China Lion Film D…,Action,"$85,172","9,495"
449,How to Talk to Girls at Par…,"May 25, 2018",A24,Comedy,"$84,809","9,454"
450,Custody,"Jun 29, 2018",Kino Lorber,Drama,"$83,882","9,351"
451,Claireâs Camera,"Mar 9, 2018",Cinema Guild,Drama,"$83,418","9,299"
452,Godard Mon Amour,"Apr 20, 2018",Cohen Media Group,Drama,"$82,264","9,171"
453,Bel Canto,"Sep 14, 2018",Screen Media Films,Drama,"$80,134","8,933"
454,Have a Nice Day,"Jan 26, 2018",Strand,Comedy,"$79,326","8,843"
455,On The Seventh Day,"Jun 8, 2018",Cinema Guild,Drama,"$78,270","8,725"
456,Becoming Astrid,"Nov 23, 2018",Music Box Films,Drama,"$76,087","8,482"
457,93Queen,"Jul 25, 2018",Abramorama Films,Documentary,"$76,056","8,478"
458,The Riot Act,"Sep 14, 2018",Hannover House,Thriller/Suspense,"$75,506","8,417"
459,Tehran Taboo,"Feb 14, 2018",Kino Lorber,Drama,"$74,758","8,334"
460,Bye Bye Germany,"Apr 13, 2018",Film Movement,Drama,"$73,730","8,219"
461,The Last Suit,"Sep 21, 2018",Outsider,Drama,"$73,548","8,199"
462,"Nico, 1988","Aug 1, 2018",Magnolia Pictures,Drama,"$73,304","8,172"
463,Helicopter Eela,"Oct 12, 2018",Eros Entertainment,Drama,"$71,971","8,023"
464,Wastelander,"Jan 12, 2018",Indican Pictures,Action,"$70,045","7,808"
465,Parchi,"Jan 12, 2018",Atlas Distribution,Comedy,"$69,431","7,740"
466,Tom of Finland,"Oct 13, 2017",Kino Lorber,Drama,"$69,409","7,737"
467,Outside In,"Mar 30, 2018",The Orchard,Drama,"$68,492","7,635"
468,Where Hands Touch,"Sep 14, 2018",Vertical Entertai…,Drama,"$67,743","7,552"
469,Chef Flynn,"Nov 9, 2018",Kino Lorber,Documentary,"$67,686","7,545"
470,Under the Tree,"Jul 6, 2018",Magnolia Pictures,Black Comedy,"$67,596","7,535"
471,The Doctor From India,"Apr 20, 2018",Zeitgeist,Documentary,"$67,136","7,484"
472,The Big Bad Fox & Other Tales,"Oct 19, 2018",GKIDS,Comedy,"$66,854","7,453"
473,3100: Run and Become,"Aug 17, 2018",Illumine Films,Documentary,"$65,524","7,304"
474,Beuys,"Jan 17, 2018",Kino Lorber,Documentary,"$65,410","7,292"
475,My Friend Dahmer,"Nov 3, 2017",FilmRise,Drama,"$64,972","7,243"
476,Nancy,"Jun 8, 2018",Samuel Goldwyn Films,Thriller/Suspense,"$64,011","7,136"
477,The Gardener,"Mar 30, 2018",Gravitas Ventures,Documentary,"$62,734","6,993"
478,"Monrovia, Indiana","Oct 26, 2018",Zipporah,Documentary,"$61,737","6,882"
479,Never Goinâ Back,"Aug 3, 2018",A24,Comedy,"$61,271","6,830"
480,Viper Club,"Oct 26, 2018",Roadside Attractions,Drama,"$60,607","6,756"
481,Where is Kyra?,"Apr 6, 2018",Great Point Media,Drama,"$59,717","6,657"
482,Bomb City,"Feb 9, 2018",Gravitas Ventures,Drama,"$59,329","6,614"
483,"Westwood: Punk, Icon, Activist","Jun 8, 2018",Greenwich,Documentary,"$58,799","6,555"
484,Cynthia,"Aug 31, 2018",Indican Pictures,Black Comedy,"$58,090","6,476"
485,In Search of Greatness,"Nov 2, 2018",Self Distributed,Documentary,"$58,090","6,476"
486,Woman Walks Ahead,"Jun 29, 2018",A24,Western,"$57,528","6,413"
487,Ramen Heads,"Mar 16, 2018",Gunpowder & Sky,Documentary,"$57,346","6,393"
488,Django,"Jan 5, 2018",Under the Milky Way,Documentary,"$56,556","6,305"
489,The Great Silence (1969) (R…,"Mar 30, 2018",Film Movement,Western,"$53,074","5,916"
490,Wanda (1971) (Re-Release),"Jul 20, 2018",Janus Films,Drama,"$52,927","5,900"
491,Before We Vanish,"Feb 2, 2018",Super LTD,Drama,"$52,087","5,806"
492,Garry Winogrand: All Things…,"Sep 19, 2018",Greenwich,Documentary,"$51,194","5,707"
493,Mojin: The Worm Valley,"Jan 4, 2019",Well Go USA,Action,"$50,583","5,639"
494,I am Not a Witch,"Sep 7, 2018",Film Movement,Drama,"$50,318","5,609"
495,Black 47,"Sep 28, 2018",IFC Films,Drama,"$50,037","5,578"
496,The China Hustle,"Mar 30, 2018",Magnolia Pictures,Documentary,"$48,650","5,423"
497,Big Sonia,"Nov 17, 2017",Argot Pictures,Documentary,"$46,704","5,206"
498,Bigger,"Oct 12, 2018",Freestyle Releasing,Drama,"$46,382","5,170"
499,Hal,"Sep 7, 2018",Oscilloscope Pict…,Documentary,"$45,889","5,115"
500,Summer in the Forest,"Mar 23, 2018",Abramorama Films,Documentary,"$45,542","5,077"
501,Wait For Your Laugh,"Nov 3, 2017",Vitagraph Films,Documentary,"$45,037","5,020"
502,A Kid Like Jake,"Jun 1, 2018",IFC Films,Drama,"$44,824","4,997"
503,What Will People Say,"Jul 13, 2018",Kino Lorber,Drama,"$44,156","4,922"
504,Hitlerâs Hollywood,"Apr 11, 2018",Kino Lorber,Documentary,"$43,766","4,879"
505,The Other Side of Hope,"Dec 1, 2017",Janus Films,Comedy,"$43,509","4,850"
506,Antonio Lopez 1970: Sex Fas…,"Sep 14, 2018",Film Movement,Documentary,"$43,169","4,812"
507,The Sacrifice,"Nov 7, 2014",Kino Lorber,Drama,"$42,789","4,770"
508,Western,"Feb 16, 2018",Cinema Guild,Drama,"$41,042","4,575"
509,"Hale County This Morning, T…","Sep 14, 2018",Cinema Guild,Documentary,"$40,333","4,496"
510,Submission,"Mar 2, 2018",Great Point Media,Drama,"$39,985","4,457"
511,Namiya,"Jan 5, 2018",China Lion Film D…,Drama,"$39,584","4,412"
512,Humor Me,"Jan 12, 2018",Shout! Factory,Comedy,"$38,419","4,283"
513,Divide and Conquer: The Sto…,"Dec 7, 2018",Magnolia Pictures,Documentary,"$38,036","4,240"
514,Gray Matter,"May 18, 2018",Indican Pictures,Horror,"$38,034","4,240"
515,The Heart of Nuba,"Apr 6, 2018",Abramorama Films,Documentary,"$37,880","4,222"
516,Golden Exits,"Feb 9, 2018",Sony Pictures,Drama,"$37,801","4,214"
517,Krystal,"Apr 13, 2018",Paladin,Drama,"$37,516","4,182"
518,Girls vs. Gangsters,"Mar 9, 2018",Well Go USA,Comedy,"$37,115","4,137"
519,Breath,"Jun 1, 2018",FilmRise,Drama,"$37,109","4,137"
520,Rodin,"Jun 1, 2018",Cohen Media Group,Drama,"$36,720","4,093"
521,Mind Game (2004) (Re-Release),"Feb 16, 2018",GKIDS,Adventure,"$36,613","4,081"
522,Racer and the Jailbird,"May 4, 2018",Neon,Drama,"$36,522","4,071"
523,Le Corbeau,"Feb 23, 1948",Westport Internat…,Drama,"$36,089","4,023"
524,The Road Movie,"Jan 19, 2018",Oscilloscope Pict…,Documentary,"$35,757","3,986"
525,Liyana,"Oct 10, 2018",Abramorama Films,Documentary,"$34,822","3,882"
526,24 Frames: Before and After…,"Feb 2, 2018",Janus Films,Drama,"$34,483","3,844"
527,Holy Hell,"Jul 20, 2018",Indican Pictures,Horror,"$34,366","3,831"
528,"No Date, No Signature","Aug 1, 2018",Distrib Films,Drama,"$33,879","3,776"
529,Searching For Ingmar Bergman,"Nov 2, 2018",Oscilloscope Pict…,Documentary,"$33,275","3,709"
530,Godâs Own Country,"Oct 25, 2017",Samuel Goldwyn Films,Drama,"$32,808","3,657"
531,Just Getting Started,"Dec 8, 2017",Broad Green Pictures,Comedy,"$32,608","3,635"
532,Sollerâs Point,"May 11, 2018",Oscilloscope Pict…,Drama,"$32,608","3,635"
533,BPM (Beats per Minute),"Oct 20, 2017",The Orchard,Drama,"$32,562","3,630"
534,Moynihan,"Oct 3, 2018",First Run Features,Documentary,"$31,971","3,564"
535,Saving Brinton,"Sep 22, 2017",Barn Owl,Documentary,"$31,630","3,526"
536,Good Manners,"Jul 27, 2018",Distrib Films,Horror,"$31,177","3,475"
537,Poor Boy,"Jul 13, 2018",Indican Pictures,Western,"$31,031","3,459"
538,Young Lions of Gypsy,"Jan 19, 2018",IFC Films,Drama,"$30,988","3,454"
539,Cold Water (1994) (Re-Release),"Apr 27, 2018",Janus Films,Drama,"$30,209","3,367"
540,The Desert Bride,"May 4, 2018",Strand,Drama,"$29,764","3,318"
541,Memories of Underdevelopmen…,"Jan 12, 2018",Janus Films,Drama,"$29,647","3,305"
542,Same Kind of Different as Me,"Oct 20, 2017",Pure Flix Enterta…,Drama,"$29,599","3,299"
543,Charm City,"Oct 12, 2018",PBS Distribution,Documentary,"$29,335","3,270"
544,Horn From the Heart: The Pa…,"Oct 17, 2018",Abramorama Films,Documentary,"$28,418","3,168"
545,The Apparition,"Sep 7, 2018",Music Box Films,Drama,"$28,293","3,154"
546,On Her Shoulders,"Oct 19, 2018",Oscilloscope Pict…,Documentary,"$28,288","3,153"
547,Senso,"Jul 8, 1968",Fleetwood Films,Drama,"$27,286","3,041"
548,Milford Graves: Full Mantis,"Jul 13, 2018",Cinema Guild,Documentary,"$26,443","2,947"
549,Belle de Jour,"Apr 10, 1968",Miramax,Drama,"$26,331","2,935"
550,The Misandrists,"May 25, 2018",Cartilage Films,Comedy,"$26,123","2,912"
551,Ridge Runners,"Jan 19, 2018",Indican Pictures,Drama,"$26,019","2,900"
552,Jet Trash,"Apr 27, 2018",Indican Pictures,Drama,"$26,002","2,898"
553,Birdboy: The Forgotten Chil…,"Dec 15, 2017",GKIDS,Horror,"$25,628","2,857"
554,Swimming With Men,"Dec 7, 2018",IFC Films,Comedy,"$24,888","2,774"
555,The Day After,"May 11, 2018",Cinema Guild,Drama,"$24,776","2,762"
556,Vazante,"Jan 12, 2018",Music Box Films,Drama,"$23,884","2,662"
557,Death House,"Mar 2, 2018",Hannover House,Horror,"$23,833","2,656"
558,The Divine Order,"Oct 27, 2017",Kino Lorber,Drama,"$23,797","2,652"
559,Let There Be Light,"Oct 27, 2017",Atlas Distribution,Drama,"$23,403","2,609"
560,The Atomic Cafe,"Mar 17, 1982",Libra Films,Documentary,"$22,293","2,485"
561,The Judge,"Apr 13, 2018",Idle Wild Films,Documentary,"$22,257","2,481"
562,Winning Formula,"Jul 27, 2018",Indican Pictures,Comedy,"$22,112","2,465"
563,Loving Pablo,"Oct 5, 2018",OTL Releasing,Drama,"$22,017","2,454"
564,A Paris Education,"Aug 31, 2018",Kino Lorber,Drama,"$21,598","2,407"
565,Half the Picture,"Jun 8, 2018",Gravitas Ventures,Documentary,"$21,595","2,407"
566,Ganja & Hess,"Apr 23, 1973",,Thriller/Suspense,"$21,344","2,379"
567,The Happys,"Mar 16, 2018",Indican Pictures,Comedy,"$21,108","2,353"
568,The Last Resort,"Dec 21, 2018",Kino Lorber,Documentary,"$20,789","2,317"
569,The Workshop,"Mar 23, 2018",Strand,Drama,"$20,590","2,295"
570,The Devil and Father Amorth,"Apr 20, 2018",The Orchard,Documentary,"$20,449","2,279"
571,The Cured,"Feb 23, 2018",IFC Films,Horror,"$20,261","2,258"
572,Apocalypsis,"Mar 2, 2018",Indican Pictures,Thriller/Suspense,"$20,052","2,235"
573,The Charmer,"Dec 5, 2018",Film Movement,Thriller/Suspense,"$20,049","2,235"
574,Eight Hours Donât Make a Da…,"Mar 14, 2018",Janus Films,Drama,"$19,987","2,228"
575,"One Sings, the Other Doesnâ…","Jun 1, 2018",Janus Films,Drama,"$19,919","2,220"
576,Active Measures,"Aug 31, 2018",Super LTD,Documentary,"$19,862","2,214"
577,That Summer,"May 18, 2018",Sundance Selects,Documentary,"$19,563","2,180"
578,To the Arctic 3D,"Apr 20, 2012",Warner Bros.,Documentary,"$19,351","2,157"
579,Who We Are Now,"May 25, 2018",FilmRise,Drama,"$19,128","2,132"
580,Oolong Courtyard:Kung Fu Sc…,"Aug 24, 2018",China Lion Film D…,Comedy,"$19,065","2,125"
581,Anything,"May 11, 2018",Paladin,Drama,"$19,037","2,122"
582,The Tag-Along 2,"Sep 22, 2017",Crimson Forest En…,Horror,"$18,870","2,103"
583,Mrs. Hyde,"Apr 27, 2018",Cartilage Films,Drama,"$18,627","2,076"
584,306 Hollywood,"Sep 28, 2018",El Tigre Productions,Documentary,"$18,399","2,051"
585,Quest,"Dec 1, 2017",First Run Features,Documentary,"$18,216","2,030"
586,Freak Show,"Jan 12, 2018",IFC Films,Comedy,"$18,216","2,030"
587,King of Hearts,"Jun 19, 1967",Lopert Pictures C…,,"$17,646","1,967"
588,Life & Nothing More,"Oct 24, 2018",CFI,Drama,"$17,613","1,963"
589,Gabriel and the Mountain,"Jun 15, 2018",Strand,Drama,"$17,012","1,896"
590,Desolation,"Jan 26, 2018",Parade Deck Films,Thriller/Suspense,"$16,920","1,886"
591,Goodland,"May 11, 2018",Parade Deck Films,Thriller/Suspense,"$16,765","1,869"
592,The Female Brain,"Feb 9, 2018",IFC Films,Comedy,"$16,273","1,814"
593,Bob le flambeur,"Jan 1, 1959",Triumph Releasing,Drama,"$15,586","1,737"
594,Crime + Punishment,"Aug 24, 2018",IFC Films,Documentary,"$15,466","1,724"
595,Thelma,"Nov 10, 2017",The Orchard,Drama,"$15,380","1,714"
596,Peopleâs Republic of Desire,"Nov 30, 2018",Tripod Media,Documentary,"$15,241","1,699"
597,The Lucky Man,"Dec 21, 2017",Indican Pictures,Action,"$15,221","1,696"
598,When You Read This Letter (…,"Sep 12, 2018",Rialto Pictures,Drama,"$15,171","1,691"
599,Detour,"Nov 30, 1945",Producers Releasi…,Drama,"$14,632","1,631"
600,A Prayer Before Dawn,"Apr 13, 2018",A24,Action,"$14,453","1,611"
601,Weed the People,"Oct 26, 2018",Abramorama Films,Documentary,"$14,419","1,607"
602,The Last Movie Star,"Mar 30, 2018",A24,Drama,"$14,410","1,606"
603,Narcissister Organ Player,"Nov 7, 2018",Film Movement,Documentary,"$14,319","1,596"
604,Ichi The Killer: Definitive…,"Nov 10, 2017",Well Go USA,Horror,"$14,299","1,594"
605,The Boy Downstairs,"Feb 16, 2018",FilmRise,Romantic Comedy,"$13,638","1,520"
606,Our Blood is Wine,"Mar 9, 2018",Music Box Films,Documentary,"$13,348","1,488"
607,Here and Now,"Nov 9, 2018",AMBI,Drama,"$13,337","1,486"
608,Shed Skin Papa,"Mar 23, 2018",China Lion Film D…,Comedy,"$13,331","1,486"
609,Novitiate,"Oct 27, 2017",Sony Pictures Cla…,Drama,"$13,296","1,482"
610,Stavisky,"Dec 22, 1974",Cinemation Indust…,Drama,"$13,139","1,464"
611,Like Me,"Jan 26, 2018",Kino Lorber,Drama,"$12,965","1,445"
612,"Lou Andreas-SalomÃ©, The Aud…","Apr 20, 2018",Cinema Libre,Drama,"$12,875","1,435"
613,American Socialist: The Lif…,"Mar 2, 2018",First Run Features,Documentary,"$12,610","1,405"
614,My Art,"Jan 12, 2018",Film Movement,Comedy,"$12,554","1,399"
615,Head Full of Honey,"Nov 30, 2018",Warner Bros.,Drama,"$12,350","1,377"
616,Tyrel,"Dec 5, 2018",Magnolia Pictures,Drama,"$12,142","1,353"
617,The Most Unknown,"May 18, 2018",Abramorama Films,Documentary,"$12,119","1,351"
618,Return of the Hero,"Aug 31, 2018",Distrib Films,Drama,"$12,104","1,349"
619,The Escape,"May 11, 2018",IFC Films,Drama,"$12,074","1,346"
620,Ex Libris: The New York Pub…,"Sep 15, 2017",Zipporah,Documentary,"$12,008","1,338"
621,Minding the Gap,"Aug 17, 2018",Magnolia Pictures,Documentary,"$11,998","1,337"
622,The Last Race,"Nov 16, 2018",Magnolia Pictures,Documentary,"$11,947","1,331"
623,Victoria and Abdul,"Sep 22, 2017",Focus Features,Drama,"$11,785","1,313"
624,Summer 03,"Sep 28, 2018",Blue Fox Entertai…,Comedy,"$11,746","1,309"
625,This Is Our Land,"Apr 18, 2018",Distrib Films,Drama,"$11,568","1,289"
626,Sicilian Ghost Story,"Nov 30, 2018",Strand,Drama,"$11,350","1,265"
627,Rendezvous in July (1949) (…,"Aug 1, 2018",Rialto Pictures,Comedy,"$11,321","1,262"
628,The Public Image is Rotten,"Sep 14, 2018",Abramorama Films,Documentary,"$11,293","1,258"
629,Bullitt County,"Oct 26, 2018",Self Distributed,Thriller/Suspense,"$11,257","1,254"
630,The Assassinâs Code,"May 11, 2018",Gravitas Ventures,Thriller/Suspense,"$11,218","1,250"
631,The Wedding Party 2: Destin…,"Feb 14, 2018",IronFlix,Comedy,"$11,140","1,241"
632,The Samuel Project,"Sep 28, 2018",in8 Releasing,Drama,"$11,087","1,236"
633,Souvenir,"Mar 2, 2018",Strand,Drama,"$11,078","1,235"
634,The Advocates,"Oct 19, 2018",Cinema Libre,Documentary,"$10,402","1,159"
635,Heavy Trip,"Oct 5, 2018",Doppelganger Rele…,Comedy,"$10,153","1,131"
636,River Runs Red,"Nov 9, 2018",Cinedigm,Thriller/Suspense,"$9,893","1,102"
637,Please Stand By,"Jan 26, 2018",Magnolia Pictures,Drama,"$9,868","1,100"
638,Mama Africa,"Jan 19, 2018",ArtMattan Product…,Documentary,"$9,808","1,093"
639,Quai des Orfevres (1947) (R…,"Nov 1, 2002",,Drama,"$9,800","1,092"
640,Kayak to Klemtu,"May 25, 2018",Mongrel Media,Adventure,"$9,707","1,082"
641,The Quest of Alain Ducasse,"Jun 8, 2018",Magnolia Pictures,Documentary,"$9,627","1,073"
642,Strangers on the Earth,"May 4, 2018",First Run Features,Documentary,"$9,518","1,061"
643,El Mar La Mar,"Feb 23, 2018",Cinema Guild,Documentary,"$9,065","1,010"
644,Blood Feast,"Apr 6, 2018",Hannover House,Horror,"$8,708",970
645,Un Traductor,"Oct 19, 2018",Film Movement,Drama,"$8,630",962
646,November,"Feb 23, 2018",Oscilloscope Pict…,Drama,"$8,620",960
647,Summer of 67,"Jun 29, 2018",Self Distributed,Drama,"$8,492",946
648,Let Yourself Go,"Mar 2, 2018",Menemsha Entertai…,Comedy,"$8,128",906
649,The Crime of Monsieur Lange,"Nov 17, 2017",Rialto Pictures,Comedy,"$8,127",906
650,Kingsman: The Golden Circle,"Sep 22, 2017",20th Century Fox,Action,"$7,799",869
651,Dark River,"Jun 29, 2018",FilmRise,Drama,"$7,714",859
652,Legend of the Mountain (197…,"Feb 2, 2018",Kino Lorber,Thriller/Suspense,"$7,639",851
653,American Chaos,"Sep 14, 2018",Sony Pictures Cla…,Documentary,"$7,616",849
654,The Lodgers,"Feb 23, 2018",Epic Pictures Group,Horror,"$7,362",820
655,Beauty and the Dogs,"Mar 23, 2018",Oscilloscope Pict…,Drama,"$7,263",809
656,In Echo Park,"Oct 12, 2018",Indican Pictures,Drama,"$7,072",788
657,This is Congo,"Jun 29, 2018",Abramorama Films,Documentary,"$7,051",786
658,In the Land of Pomegranates,"Jan 5, 2018",First Run Features,Documentary,"$7,014",781
659,Painless,"Sep 21, 2018",Indican Pictures,Thriller/Suspense,"$6,940",773
660,Of Fathers and Sons,"Nov 16, 2018",Kino Lorber,Documentary,"$6,936",773
661,Duck Butter,"Apr 27, 2018",The Orchard,Romantic Comedy,"$6,877",766
662,On the Beach at Night Alone,"Nov 17, 2017",Cinema Guild,Drama,"$6,806",758
663,Calling All Earthlings,"Jun 29, 2018",Carpe Stella,Documentary,"$6,756",753
664,A Whale of a Tale,"Aug 17, 2018",Fine Line,Documentary,"$6,747",752
665,School of Life,"Sep 7, 2018",Distrib Films,Comedy,"$6,300",702
666,Spiral,"Jun 22, 2018",Cohen Media Group,Documentary,"$6,279",700
667,The Nun (1966) (Re-Release),"Jan 4, 2019",Rialto Pictures,Drama,"$6,273",699
668,The Quake,"Dec 14, 2018",Magnolia Pictures,Thriller/Suspense,"$6,235",695
669,Lemonade,"Nov 23, 2018",Mongrel Media,Drama,"$5,979",666
670,Bill Nye: Science Guy,"Oct 27, 2017",PBS Distribution,Documentary,"$5,651",629
671,Dolores,"Sep 1, 2017",PBS Distribution,Documentary,"$5,638",628
672,Shoah Four Sisters,"Nov 14, 2018",Cohen Media Group,Documentary,"$5,512",614
673,Cuban Food Stories,"Aug 10, 2018",First Run Features,Documentary,"$5,434",605
674,Postcards From London,"Nov 9, 2018",Strand,Drama,"$5,312",592
675,"Distant Voices, Still Lives…","Aug 31, 2018",Arrow Releasing,Drama,"$5,234",583
676,Chavela,"Oct 4, 2017",Music Box Films,Documentary,"$5,212",581
677,In Searching,"Nov 9, 2018",Indican Pictures,,"$5,210",580
678,Intersection,"Jun 15, 2018",Indican Pictures,Drama,"$5,116",570
679,The Texture of Falling,"Jun 1, 2018",Self Distributed,Drama,"$5,010",558
680,Edward II,"Mar 20, 1992",Fine Line,Drama,"$4,826",538
681,The Long Dumb Road,"Nov 9, 2018",Universal,Comedy,"$4,667",520
682,Kangaroo,"Jan 19, 2018",Abramorama Films,Documentary,"$4,547",506
683,Kickboxer: Retaliation,"Jan 26, 2018",Well Go USA,Action,"$4,537",505
684,Weightless,"Nov 9, 2018",Paladin,Drama,"$4,461",497
685,Stellaâs Last Weekend,"Oct 12, 2018",Paladin,Comedy,"$4,215",469
686,The Partyâs Just Beginning,"Dec 7, 2018",The Orchard,Drama,"$4,145",462
687,Brimstone & Glory,"Oct 27, 2017",Oscilloscope Pict…,Documentary,"$4,036",449
688,Frank and Ava,"Dec 7, 2018",Gravitas Ventures,Drama,"$4,009",446
689,Porto,"Nov 17, 2017",Kino Lorber,Drama,"$3,863",430
690,The Second Time Around,"Dec 14, 2018",First Run Features,Romantic Comedy,"$3,837",427
691,Song of Granite,"Nov 15, 2017",Oscilloscope Pict…,Drama,"$3,774",420
692,The Family,"Aug 3, 2018",Film Movement,Drama,"$3,696",412
693,Under the Wire,"Nov 16, 2018",Abramorama Films,Documentary,"$3,429",382
694,Reinventing Marvin,"Mar 30, 2018",Mongrel Media,Drama,"$3,420",381
695,Over the Limit,"Oct 3, 2018",Film Movement,Documentary,"$3,243",361
696,The Ghosts of Johnson Woods,"Dec 2, 2016",Driving With Our …,Horror,"$3,145",350
697,Hot to Trot,"Aug 24, 2018",First Run Features,Documentary,"$3,133",349
698,Aidaâs Secrets,"Oct 20, 2017",Music Box Films,Documentary,"$3,082",343
699,Nelly,"Sep 7, 2018",Cinema Libre,Drama,"$3,046",339
700,State Like Sleep,"Jan 4, 2019",The Orchard,Drama,"$2,813",313
701,An L.A. Minute,"Aug 24, 2018",Strand,Comedy,"$2,791",311
702,Nana,"Apr 13, 2018",First Run Features,Documentary,"$2,784",310
703,The Paris Opera,"Oct 18, 2017",Film Movement,Documentary,"$2,766",308
704,Straight Into a Storm,"Jun 15, 2018",Abramorama Films,Documentary,"$2,684",299
705,12 Days,"Mar 16, 2018",Distrib Films,Documentary,"$2,633",293
706,ACORN and the Firestorm,"Apr 6, 2018",First Run Features,Documentary,"$2,621",292
707,Shadowman,"Dec 1, 2017",Film Movement,Documentary,"$2,356",262
708,A Wizardâs Tale,"Sep 14, 2018",Blue Fox Entertai…,Adventure,"$2,150",239
709,The Cage Fighter,"Feb 2, 2018",IFC Films,Reality,"$2,027",225
710,FÃ©licitÃ©,"Oct 27, 2017",Strand,Drama,"$2,016",224
711,West of the Jordan River,"Jan 26, 2018",Kino Lorber,Documentary,"$1,926",214
712,The Fencer,"Jul 21, 2017",CFI,Drama,"$1,794",199
713,The Lost Village,"Oct 19, 2018",First Run Features,Documentary,"$1,780",198
714,Permanent,"Dec 15, 2017",Magnolia Pictures,Comedy,"$1,650",183
715,Rat Film,"Sep 15, 2017",Cinema Guild,Documentary,"$1,627",181
716,Mama Africa,"Jun 7, 2002",,,"$1,606",179
717,El Pacto,"Oct 26, 2018",Sony Pictures,Horror,"$1,453",161
718,That Way Madness Lies,"Dec 14, 2018",First Run Features,Documentary,"$1,447",161
719,Marrowbone,"Apr 13, 2018",Magnet Pictures,Horror,"$1,377",153
720,Beauty & the Beholder,"Oct 26, 2018",Reel One Entertai…,Romantic Comedy,"$1,368",152
721,Invisible Hands,"Nov 23, 2018",First Run Features,Documentary,"$1,034",115
722,30 Years of Garbage: The Ga…,"Jul 28, 2017",Indican Pictures,Drama,$935,104
723,Two Men Went to War,"Mar 26, 2004",Indican Pictures,Comedy,$925,103
724,Bad Lucky Goat,"Oct 13, 2017",Film Movement,Drama,$835,93
725,TVTV: Video Revolutionaries,"Oct 19, 2018",First Run Features,Documentary,$812,90
726,Billionaire Boys Club,"Aug 17, 2018",Vertical Entertai…,Drama,$618,68
727,To Die is Hard,"Dec 17, 2010",Driving With Our …,Comedy,$580,64
728,Higher Power,"May 11, 2018",Magnet Pictures,Thriller/Suspense,$528,58
729,Mobile Homes,"Apr 20, 2018",Mongrel Media,Drama,$449,50
730,Midget Zombie Takeover,"Feb 8, 2013",Driving With Our …,Comedy,$402,44
